disasterNumber,totalAmountIhpApproved,totalAmountHaApproved,totalAmountOnaApproved,totalObligatedAmountPa,totalObligatedAmountHmgp
3601,,,,,
3602,,,,,
4420,27279186.25,24356998.74,2922187.51,529752851.58,38905824.97
1971,77097372.06,57302364.2,19795007.86,201042382.97,63346282.14
4015,,,,5553128.41,1762074.09
5463,,,,247922.91,530971.87
4645,,,,35372030.64,807500.19
4045,,,,5135398.21,720204
5492,,,,,43908.05
4212,,,,8736490.43,269876.97
4056,,,,30413928.56,5794419.14
5384,,,,,885821.04
1925,10602928.54,9705873.5,897055.04,5930565.92,2821027.04
5614,,,,,0
2956,,,,586405.18,0
4185,,,,3837595.3,213400
5284,,,,264039.14,348002.3
5456,,,,,4792739.84
3340,,,,495306.49,
5380,,,,13195694.92,3908293.99
3626,,,,,
4415,,,,6453697.9,1109704.19
1945,,,,2138551.99,14946
5470,,,,,0
4274,,,,4693118.02,680649.32
1986,,,,5934923.13,487940
2951,,,,419338.96,0
4156,,,,2670513.58,370314
4067,,,,4046793.01,475368.08
5460,,,,208241.86,0
5494,,,,,224898.88
5246,,,,16270482.58,0
2979,,,,3726826.58,0
5249,,,,2349031.77,0
4437,,,,971158.24,139036.79
5335,,,,1240045.95,0
5499,,,,,2773537.72
4316,,,,1676798.53,176414.25
5314,,,,460929.86,0
2997,,,,51448.94,0
5198,,,,7541832.83,0
5017,,,,684418.07,0
4369,,,,3908163.56,12202.57
5421,,,,195815.29,777501
2880,,,,124694.11,0
5391,,,,6902643.83,0
2973,,,,785047.27,0
3518,,,,39353.18,
5190,,,,76945.83,0
5230,,,,3811.3,0
4445,,,,8969123.63,952580.2
4534,10616929.18,,10616929.18,211485435.58,1466076.04
5467,,,,,0
5468,,,,,0
4000,1754570.75,1421006.46,333564.29,2663059.78,68035
5382,,,,,2067208.75
1875,,,,24581512.14,3397069
1919,,,,4712458.08,434136
4130,,,,9033804.83,1827581
1922,,,,12373472.43,3963820.89
4531,37357961.48,,37357961.48,564947445.92,15288527.33
4236,,,,7743787.17,723711.22
4138,,,,40512583.94,7536022.06
4387,,,,2577582.63,36485.29
4140,,,,6182973.09,54218.73
4637,1308764.73,1093254.76,215509.97,19055469.18,789440.6
4275,,,,3045115.45,71192.17
4252,,,,18305095.51,1707464.47
1958,,,,13744126.49,2168421
5610,,,,,0
5388,,,,2746912.41,1462807.64
5278,,,,,1857307.56
4652,7656347.59,6398858.5,1257489.09,303675088.18,28173636.63
4898,,,,,0
4448,,,,971209.44,0
5451,,,,23815278.46,0
4115,,,,8231034.73,1175629
5286,,,,4320193.28,180208.1
5283,,,,186238.57,1868044.54
5266,,,,36010.87,0
5038,,,,6824731.93,0
2848,,,,675577.69,0
5578,,,,,0
4172,,,,1925935.2,192278.26
4446,,,,1088251.32,0
5541,,,,,0
2843,,,,55983.46,0
2867,,,,703954.92,0
3616,,,,,
3617,,,,,
1929,,,,666648.61,112780
5408,,,,2259027.05,0
2929,,,,431159.39,0
2905,,,,5806.02,0
4834,882125147.42,398042952.95,484082194.47,1451889591.22,42597742.05
2852,,,,1238001.83,0
5490,,,,,35851.87
3622,,,,,
5545,,,,,0
5574,,,,,0
5418,,,,,1024091.26
3611,,,,,
3613,,,,,
5546,,,,,0
2982,,,,24924.14,0
5236,,,,2133667.29,0
5572,,,,,0
1907,,,,19679317.4,58901
4261,,,,69267697.55,11250426.83
4359,,,,34019803.08,3078571.45
4141,,,,5934364.43,936757
4543,,,,13644804.5,2564870.59
4005,,,,6940346.02,812698.37
4579,,,,15898362.56,2025001.71
3498,,,,1633697.62,
4335,40826320.17,29559255.81,11267064.36,66622069.6,28777076.92
4048,,,,26411715.75,3508702.24
4033,,,,7037295.1,617221
4181,,,,5532167.98,861379
4729,,,,20898992.89,0
5002,,,,128885.39,0
4160,,,,5501202.69,795042.57
4388,,,,1859316.92,53783.5
1913,,,,2489369.98,402888
3490,,,,7152.97,
5573,,,,,0
3610,,,,,
4232,,,,1326573.48,141656.7
4545,,,,1809645.12,0
3328,,,,1313887.82,
4687,,,,819070.62,8600
5308,,,,417300.63,0
5130,,,,1727016.64,0
4321,,,,2727443.3,104243.3
2933,,,,1651694.38,0
2894,,,,46051.71,0
5143,,,,637395.06,0
5058,,,,836129.26,0
5255,,,,1411540.89,0
5179,,,,81038.27,0
5203,,,,5560247.76,0
5004,,,,5285123.42,0
5028,,,,1249472.02,0
5288,,,,2658681.22,486443.35
5092,,,,14620253.01,459594
5254,,,,9258.91,0
5030,,,,3725524.98,0
5097,,,,3214693.54,39142.24
5523,,,,,0
5571,,,,,0
5369,,,,54110.05,0
2984,,,,5679187.27,0
4674,,,,11279745.37,809061.48
5521,,,,,0
5603,,,,,0
5604,,,,,0
5605,,,,,0
4521,16740406.16,,16740406.16,295436193.24,5553102.99
4438,15558122.79,13329465.45,2228657.34,69217834.39,9820374.67
1892,,,,6841093.22,894520
4238,,,,50780811.67,10203784.95
5510,,,,,154710.25
4092,,,,10459122.12,1555721.32
4193,11373532.86,10367500.6,1006032.26,26303833.21,3636564
1932,,,,7384786.3,990370
4063,,,,4883032.82,726334
4117,15130900.23,10414680.88,4716219.35,55032768.45,9193060.93
5582,,,,,0
3615,,,,,
5580,,,,,0
5607,,,,,0
3609,,,,,
5518,,,,,0
5386,,,,,101145.63
3624,,,,,
4002,,,,32964612.36,4510495
4126,,,,20524115.81,2747619
4635,7529754.72,6680204.6,849550.12,61629203.2,10651368.79
4281,,,,5398418.52,1123574.5
2917,,,,515274.49,0
4256,,,,49143878.08,8619410.99
5423,,,,,187359.83
4282,,,,4786876.55,580615.77
2960,,,,237059.79,0
5070,,,,9800754.63,0
1937,,,,3950567.97,537972
4471,,,,13792018.83,277185.14
5302,,,,6870054.38,0
4076,,,,8488330.16,1577249
3366,,,,1639099.39,
1908,1549737.37,1271585.7,278151.67,7358685.38,931412
4743,,,,1282686.68,0
3564,,,,216592.19,
4824,,,,2590167.62,20778
4853,,,,230809.98,0
5575,,,,,0
5583,,,,,0
4271,,,,1690433.9,167546.81
5085,,,,521457.25,0
5013,,,,775643.48,0
5213,,,,8128493.97,0
5050,,,,4558436.47,0
5117,,,,57419.43,303514.37
5462,,,,,0
4257,,,,11464133.02,106603.41
2871,,,,41791.72,0
5095,,,,484775.83,290927.42
2949,,,,400385.93,0
4772,,,,1734151.75,0
5026,,,,2515374.98,0
5416,,,,3379328.86,0
5443,,,,3557670.84,0
5172,,,,142453.23,0
5455,,,,3024.47,0
4597,,,,15236311.79,1541757.02
4268,8141242.5,6596252.97,1544989.53,10328758.13,1414423.33
4469,4850094.6,4377550.42,472544.18,19776744.31,4029999.74
4873,24095843.64,15273532.9,8822310.74,31502527.6,0
3625,,,,,
5557,,,,,0
5554,,,,,0
5555,,,,,0
4009,,,,11095538.36,381333
5392,,,,,1925765.04
1948,,,,100179.04,242102
5149,,,,1386170.88,0
4444,,,,8208143.56,1414708.16
5509,,,,,0
4890,3017606.1,2175125.52,842480.58,548625.39,0
4285,98842212.59,69249444.05,29592768.54,320795238.96,59263739.49
2952,,,,3996374.6,0
4337,1020966938.16,712482355.67,308484582.49,2425190475.83,424305032.06
2961,,,,6590703.9,0
4170,,,,8678576.02,1076385.25
2955,,,,960443.78,0
5055,,,,9288969.03,0
5066,,,,9630026.88,0
5563,,,,,0
5556,,,,,0
5576,,,,,0
3605,,,,,
5539,,,,,0
3621,,,,,
5609,,,,,0
4277,776048445.18,612172870.28,163875574.9,771901840.17,141652079.48
4897,,,,398964.11,0
2868,,,,37611.46,0
5475,,,,,0
3496,,,,280018.32,
5476,,,,,0
5477,,,,,0
5091,,,,13868793.44,312579.84
5478,,,,,0
5281,,,,,525662.15
3529,,,,421455.95,
3577,,,,252457.03,
2938,,,,41579.62,0
2972,,,,427980.25,0
2992,,,,2393137.14,0
5177,,,,1078505.47,0
3618,,,,54376.7,
3489,,,,38364.77,
5180,,,,73633.42,0
1900,,,,12721044.7,1807555
4091,2592961.32,2168049.22,424912.1,30749448.69,4312949.96
5378,,,,,1735300.96
5577,,,,,0
5564,,,,,0
5472,,,,,0
4659,,,,21274106.56,2789516.61
1884,,,,28014674.09,7574086
1920,,,,1258988.51,155861
4184,,,,17806184.12,2990730
4222,18563163.18,16100633.78,2462529.4,64240911.93,11286532.37
4558,23331578.62,18484122.4,4847456.22,488777470.47,58166285.06
4146,,,,10450593.04,748915.25
4570,46857016.39,35884843.99,10972172.4,123372443.37,7482214.18
4250,13173843.43,10765588.81,2408254.62,32747311.6,10675595.8
4221,,,,5885189.5,1058840.4
4278,,,,4746862.15,916590.87
1947,,,,1079972.79,173937
5465,,,,,0
4417,,,,3501859.85,132475.14
4384,,,,464404.17,0
2887,,,,47155.5,0
5611,,,,,0
4711,,,,21199177.91,146166.6
3612,,,,,
5343,,,,220000.39,0
2881,,,,245180.05,0
5440,,,,1656804.72,0
5613,,,,,0
5112,,,,2909011.76,335650.35
5008,,,,1690213.97,0
5227,,,,2721442.21,0
5312,,,,9126891.9,0
5202,,,,368318.57,0
5341,,,,4917541.16,0
5429,,,,445008.28,0
2891,,,,101953.04,0
5347,,,,175242.14,1022563.61
5584,,,,,0
4318,3961671.43,3159425.67,802245.76,27384732.41,3832583.02
5023,,,,2220729.36,0
4104,,,,1602599.04,198165.3
5237,,,,5939756.7,0
5039,,,,3790767.48,0
5452,,,,287382.69,0
5579,,,,,0
5547,,,,,0
3595,,,,,
5474,,,,,122494.46
4404,42071347.08,24318418.41,17752928.67,282405043.18,21919326.32
5591,,,,,0
5592,,,,,0
5593,,,,,0
4166,,,,216209703.21,32791178.97
3619,,,,,
4751,4629951.1,2601174.38,2028776.72,15616879.03,0
5359,,,,18485.01,0
5594,,,,,0
5595,,,,,0
3627,,,,,
5558,,,,,0
3628,,,,,
5479,,,,,0
4754,6781306.32,6104619.01,676687.31,36822479.88,1043997.72
5480,,,,,0
5481,,,,,0
1885,,,,15069225.02,2350354
4183,,,,12097027.25,1444086
4093,,,,14890071.93,2253069
4830,394642394.51,138365316.36,256277078.15,1430398779.47,3122511.92
4439,,,,21550135.79,2102402.37
4646,,,,6297791.52,163909.39
4279,,,,7132460.77,323833.13
4150,,,,10135201.52,1518773
1975,24279487.62,20707889.78,3571597.84,49985260.71,8857972.23
4119,,,,7594458.33,1002978
4028,5559369.2,5303982.24,255386.96,30463593.38,5152535.93
1961,,,,9807841.2,1769996
4726,,,,1253511.75,0
4016,,,,5743591.77,1518573
1905,,,,27888157.43,3401021
5504,,,,,0
4030,103504091.89,93779140.15,9724951.74,148024629.35,32923328.7
4098,,,,17603230.69,3763546.86
4075,,,,12040508.41,1646935.54
5597,,,,,0
5448,,,,,114009.6
4311,,,,3126349.9,513765.94
1981,95754618.67,93631947.01,2122671.66,224355761.7,71549737
4114,,,,12480065.52,2789576
4083,,,,2757341.45,755105.98
4102,,,,5926569.26,929.91
5185,,,,11569873.93,2023621.49
3527,,,,322190.94,
5181,,,,7751554.46,0
2963,,,,100774.9,0
5559,,,,,0
5145,,,,13654350.61,0
5548,,,,,0
5588,,,,,0
4703,,,,,0
5586,,,,,0
5292,,,,329786.2,408447.88
5581,,,,,0
1882,,,,3536705.06,0
4051,,,,71006602.75,4882327.14
5589,,,,,0
4636,,,,12272634.56,3150191.97
1978,,,,7041838.42,1186863
4202,,,,316269.06,570570.04
1997,,,,13570671.84,1807320
4262,,,,46994294.43,5301884.96
4289,,,,16783200.6,3738576.45
5487,,,,201333.88,493124.96
4038,,,,11018960.86,1441802
3497,,,,524164.12,
5608,,,,,0
4822,,,,8442466.1,93251.06
4287,,,,5798145.11,275024.93
3553,,,,6215069.13,
1943,,,,22213776.98,974818
4036,,,,2466820.86,98442.04
4507,151267601.7,,151267601.7,635358764.28,28848282.18
2985,,,,505445.76,0
4483,32254679.38,,32254679.38,438289876.78,17341399.57
5505,,,,,0
4402,8902520.27,8003898.67,898621.6,37653211.88,10092381.85
3526,,,,0,
1940,,,,6363902.22,1141916
5078,,,,3440106.91,0
5093,,,,30805790,393133.31
4246,,,,2486685.09,374875.74
4484,57084521.73,,57084521.73,2207352740.3,5007441.68
5037,,,,30712289.96,0
2936,,,,2474182.45,0
5103,,,,10083188.44,37449.95
2855,,,,4089121.18,0
5530,,,,,0
2968,,,,139425.9,0
5239,,,,6245239.57,0
5158,,,,415169.62,112088
5194,,,,3126981.79,3071122.89
5122,,,,1102989.32,0
5531,,,,,0
5044,,,,1077214.49,0
5235,,,,617443.25,0
5207,,,,37600.59,0
5059,,,,1329554.54,0
5242,,,,79796.27,0
4317,12527583.31,10311780.12,2215803.19,77319838.79,17801245.73
4475,,,,10941358.63,2506624.27
4715,71264777.21,40216867.55,31047909.66,60714053.04,998771.46
4547,30598662.86,29115555.13,1483107.73,33309814.18,8065097.5
4135,,,,4551830.57,568704
4309,,,,35730741.61,6153450
4723,,,,58688757.65,10673789.25
4783,7483136.9,5292235.8,2190901.1,19372607.44,0
4380,,,,2996541.03,30845.37
4831,19062972.81,11647774.72,7415198.09,79700153.55,0
5459,,,,,0
4803,3850925.98,2411927.05,1438998.93,19245127.93,3259280.82
4182,,,,39488157.03,6052490.1
4702,,,,31302563.19,1162529.16
4781,313762976.4,148852564.5,164910411.9,228661117.6,1577828.49
4220,,,,6320816.79,720273.38
1985,,,,3490382.1,405892.16
4230,,,,10965009.42,1568836.6
1956,,,,3990138.12,728851
4073,,,,2914288.63,102842.93
4032,,,,1995886.96,300596
4409,,,,4851345.9,0
4314,,,,17084624.24,400357.83
4198,,,,1609009.61,110714.19
1992,,,,1756346.8,306106.24
1879,,,,12773947.54,992229
4578,,,,10018111.45,1251288.96
4325,,,,15098468.62,1766204.25
5430,,,,,2218997.98
4105,,,,6153471.49,955286.72
2857,,,,1890446.08,0
5048,,,,2273317.23,0
3530,,,,2208510.74,
2913,,,,140212.14,0
4626,10843005.5,9267807.25,1575198.25,30052436.23,5427089.62
3574,,,,80381.85,
5507,,,,,0
5508,,,,,0
5024,,,,8331302.41,0
5041,,,,5721365.01,0
4627,,,,6006551.4,600566.52
4371,,,,2472947.46,30018.87
4695,,,,5020816.9,520291.1
2896,,,,89674.22,0
5086,,,,912000.51,144710.56
5446,,,,2774175.81,519947.92
5165,,,,119555.16,0
5088,,,,2135746.75,18415.07
5407,,,,32291.96,279292.25
4436,,,,551698.83,0
4473,76827201.61,74615046.24,2212155.37,1069566017.58,45199410.24
5253,,,,6691.95,0
3589,,,,1193034.07,
4481,20064696.61,,20064696.61,2431309038.1,28839521.5
4844,,,,4042817.87,0
4869,,,,411044.78,0
4486,181500775.42,,181500775.42,4142365993.88,75180962.99
4814,,,,14521156.51,0
4882,,,,8541469.36,0
4552,,,,8847245.34,1814434.85
4382,8109589.03,5904595.93,2204993.1,333540230.56,25671358.84
5256,,,,19615842.13,0
4660,,,,73420589.6,7585922.74
4517,29398405.35,,29398405.35,206717180.85,5483255.25
4784,3720998.89,2459793.19,1261205.7,23106240.18,1103434.46
4132,,,,3283729.69,384030
1994,4904077.68,3001943.65,1902134.03,75239301.83,7260627
4522,6285163.51,,6285163.51,454689785.98,3736269.61
1952,,,,80864515.33,10122435.51
4165,,,,46645842.62,8261053.08
4634,2134406.55,1497956.28,636450.27,45189660.22,5461785.33
4538,,,,10675758.34,2297149.51
4041,,,,5570929.04,849612.04
4244,,,,4079526.97,130130.29
5436,,,,1472313.08,26525.22
4044,,,,3995523.23,877302
4097,,,,10799381.1,1766463.25
4551,,,,8718623.77,618242.37
5079,,,,5294854.84,0
5087,,,,1765492.94,351548.09
4023,9496114.46,8829702.19,666412.27,43805958.98,7392909.62
5124,,,,1930296.01,0
4235,25097245.58,17379956.6,7717288.98,34937981.95,8971143.59
2924,,,,27127.61,0
2954,,,,45660.78,0
4494,118577940.53,,118577940.53,1497426233.46,11676094.74
5342,,,,15019.15,0
2910,,,,55445.93,0
5104,,,,25623646.64,21540.47
5344,,,,2880445.9,0
4712,,,,29021882.57,306026.4
5317,,,,4453336.64,2037437.37
2935,,,,3173061.92,0
4301,,,,143111463.51,17294800.1
4455,,,,4322761.87,303876.88
5375,,,,1683429.35,0
5272,,,,665424.5,0
4718,,,,5803755.28,879044.32
4548,1089134.7,1082812.86,6321.84,26543387.22,2337011.18
4638,,,,4590871.66,105735.38
1910,,,,59386940.85,5042587
4542,5569334.41,4951128.84,618205.57,20485065.03,3112196.99
4099,,,,12666844.02,1641227
4704,2635373.99,2347870.42,287503.57,13788214.24,484798.7
4815,7858793.37,5369032.54,2489760.83,39644199.31,0
4840,190107.41,88353.33,101754.08,82628.99,0
4080,141493695.57,118543111.68,22950583.89,299091068.29,55260437.44
4628,,,,1691199.79,25304.39
5293,,,,12044668.31,1547606.18
4356,,,,5126898.02,76252.74
4294,631364.39,458957.44,172406.95,14573962.86,1934113.21
4211,,,,34509703.44,3599442.14
1953,,,,1600455.83,193119
1976,9203306.37,8283359.63,919946.74,29874525.72,5682652.95
4273,42352923.65,35711175.9,6641747.75,456284861.61,38473502.54
4774,,,,10983036.33,46051.22
4520,57619383.25,,57619383.25,824809114.53,18384817.41
4082,,,,6640827.34,960197
4608,,,,3696491.57,131516.13
5147,,,,4430611.64,0
4699,49165865.12,45767619.61,3398245.51,236386074.35,9247399.7
4801,,,,3327490.05,0
1894,37132716.72,33983726.63,3148990.09,25963715.03,2197433
4651,,,,24385610.14,2289698.71
4738,5040799.4,4452358.59,588440.81,58944738.76,1092541.98
5199,,,,3202093.02,0
4352,,,,14430450.53,0
4333,,,,3186612.99,382722.84
4405,,,,1648424.91,6957.72
5345,,,,1016846.58,0
3389,,,,585571.92,
5107,,,,2423995.63,14435.4
2942,,,,24833.31,0
5064,,,,40562.99,0
2970,,,,2987859.48,0
5102,,,,5569206.78,134573
5189,,,,10485728.34,13715937.78
5034,,,,2493847.84,0
2875,,,,904314.17,0
3560,1195363.31,701179.76,494183.55,81325662.97,
4556,,,,9720458.23,1553394.26
4679,,,,4453941.78,645334.93
2873,,,,1274396.82,0
5537,,,,30441.02,0
4727,3288317.84,2837593.52,450724.32,9393758.66,1168645.74
5100,,,,5975698.54,238444.48
5061,,,,9760200.98,0
2927,,,,1129647.45,0
4666,,,,7230916.39,936259.49
5120,,,,1249825.6,0
5330,,,,26195.27,0
5410,,,,5834.27,0
4398,,,,7538852.63,1320517.73
4668,718086.55,627295.82,90790.73,815764.95,0
4003,,,,9389606.38,1231142
5226,,,,5101910.05,0
5268,,,,5515371.89,0
4828,860331383.86,407699150.02,452632233.84,721302243.12,26285407.58
5296,,,,5578134.33,0
1871,,,,18885702.86,1746827
4561,,,,789578.8,0
4264,,,,81093524.93,8431940.69
4876,,,,4150672.23,0
1965,,,,5614462.32,1210847
4857,,,,995470.92,0
4375,,,,7302114.67,229105.89
1982,,,,20249390.34,574042
5128,,,,14318214.62,0
4884,11842739.69,8494421.81,3348317.88,6480185.46,0
4894,251261.02,54195.15,197065.87,7500,0
4085,1012576801.02,866598517.46,145978283.56,14773747583.81,1385587779.1
4493,11336909.66,,11336909.66,141709278.12,3172313.77
4465,,,,63243575.11,13175244.12
4074,,,,1297026.84,230763
4617,5051308.74,4485334.31,565974.43,36427396.59,7391047.52
2856,,,,,0
2860,,,,,0
2861,,,,,0
2862,,,,,0
2863,,,,,0
2864,,,,,0
2865,,,,,0
4197,,,,6005686.07,277283.52
4672,6807601.19,2153057.51,4654543.68,92953983.4,1631308.48
4113,,,,11108020.79,857916
5071,,,,9986747.15,0
4540,,,,73020851.71,13056143.5
2878,,,,,0
3384,,,,24096375.72,
3559,,,,6291372.98,
4012,3145110.51,3079543.32,65567.19,21739243.52,6470493
5498,,,,,0
5232,,,,4390258.61,0
5484,,,,814214.45,0
2900,,,,,0
4328,,,,2962549.72,232980.47
5210,,,,156543.99,0
2995,,,,592294.84,0
4123,,,,239920.61,0
2966,,,,1392551.94,0
2884,,,,2389717.33,0
4688,,,,303475.35,11240.75
2945,,,,132741.52,0
4348,,,,28454856.85,2572348.73
2993,,,,9912.6,0
2899,,,,20995.06,0
2846,,,,585290.52,0
4689,,,,2303950.83,73531.95
3540,,,,57257519.12,
4607,196961378.26,161471627.63,35489750.63,37350944.03,5414430.69
4161,,,,1802953.09,251861
4199,,,,63953486.55,6692168.5
4787,3586953.2,2713497.88,873455.32,15083253.29,0
4842,776962.4,524213.75,252748.65,1648501.38,0
4631,,,,3322451.54,0
4241,89803712.87,77971796.97,11831915.9,125933749.14,41782749.76
4511,123627.88,,123627.88,126934582.16,217242.66
3603,,,,1216773.76,
1927,,,,2515039.14,223662
4501,131747869.39,,131747869.39,1060384844.94,16135478.52
4502,6604151.88,,6604151.88,1066652299.14,10628580.73
4334,,,,5349464.31,1270811.62
4673,1150178292.67,782193893.08,367984399.59,2800494703.01,188358514.34
5032,,,,5126349.47,0
1977,,,,2702114.08,669375
4195,155631144.18,123667225.35,31963918.83,15216615.38,24485683.41
5449,,,,,430647.23
4298,,,,9837358.31,1447192.8
4771,,,,2572022.33,34618.4
3326,,,,781030.88,
4055,,,,15087219.2,3032978
4297,2962689.95,1955548.44,1007141.51,23859706.67,3706312.65
4877,56317591.49,35434945.78,20882645.71,90782597.01,0
1912,20784629.22,17774255.03,3010374.19,22537694.93,7554240.74
1973,5526673.58,4096508.97,1430164.61,20288231.29,4331361
4716,,,,1544004.64,0
4598,,,,22195208.73,1712822.63
4338,13643351.67,10119352.55,3523999.12,115765758.36,15410809.96
4644,,,,113127194.1,7749195.01
5300,,,,706854.61,0
4070,,,,8796860.02,670441
4839,,,,11211538.73,0
3335,,,,5191261.4,
4112,,,,1320792.96,140026
4190,,,,2352906.01,268862
4169,,,,6364572.95,872345.55
1984,4799393.02,4685835.84,113557.18,52125303.31,7676674
5544,,,,,0
5251,,,,665090.01,0
5434,,,,1027110.45,1428146.3
5153,,,,820738.65,0
4623,,,,4560435.67,128856.5
5493,,,,515494.79,0
4855,,,,13240770.33,263745.5
4366,13188507.8,11682124.77,1506383.03,128853274.66,17530245.04
4095,,,,2113605.92,158765
4071,2784278.58,2497021.85,287256.73,11718720.76,1736368
4424,,,,63368757.29,9871204.29
5018,,,,285252.85,0
2976,,,,2929255.77,0
2937,,,,807344.61,0
5204,,,,9219383.36,0
5099,,,,7905132.26,347360
3342,,,,28257.8,
5259,,,,4305827.58,0
5211,,,,1335350.27,0
2912,,,,164326.83,0
4312,,,,269934.77,1650
5444,,,,5211696.92,0
2999,,,,619731.97,0
5450,,,,8512204.78,0
5183,,,,2393401.79,487954.24
4217,4083323.11,2933602.92,1149720.19,11037837.55,2548681.35
4442,,,,79539888.67,8538037.55
4546,,,,11676238.13,2146354.91
4745,,,,2898254.18,0
5311,,,,898824.68,0
5065,,,,152495.99,0
5191,,,,431868.84,0
4554,,,,9203289.24,826561.38
3504,,,,3361356.07,
4361,,,,19970257.91,5032658.47
5587,,,,,0
4173,,,,9571816.89,1162948.14
1880,,,,84281914.59,21711154
3307,,,,,
3308,,,,,
1886,,,,874502.99,186548
3310,,,,,
3311,,,,,
3312,,,,,
3313,,,,,
3316,,,,,
3317,,,,,
3318,,,,,
3319,,,,,
3321,,,,,
5295,,,,63051706.37,0
3323,,,,,
3324,,,,,
3325,,,,,
3327,,,,,
3331,,,,,
3332,,,,,
3334,,,,,
5127,,,,5905956.47,0
3337,,,,,
3338,,,,,
3339,,,,,
4127,,,,2774452.64,265599.27
4208,,,,2643562.21,407016.03
3343,,,,,
3344,,,,,
3345,,,,,
3346,,,,,
3347,,,,,
3348,,,,,
3349,,,,,
3350,,,,,
3351,,,,,
3352,,,,,
3353,,,,,
3354,,,,,
3355,,,,,
3356,,,,,
3357,,,,,
3359,,,,,
3361,,,,,
3364,,,,,
3365,,,,,
4133,,,,173358.39,21114.86
3367,,,,,
3368,,,,,
3369,,,,,
3370,,,,,
3371,,,,,
3372,,,,,
3373,,,,,
3374,,,,,
3375,,,,,
4186,,,,11078851.36,1512985
3377,,,,,
3378,,,,,
3379,,,,,
3380,,,,,
3381,,,,,
3383,,,,,
4351,,,,10235172.68,597107.94
3385,,,,,
3386,,,,,
3387,,,,,
3388,,,,,
3390,,,,,
3391,,,,,
1951,,,,1555019.55,148960
3393,,,,,
3394,,,,,
3396,,,,,
3397,,,,,
3398,,,,,
3399,,,,,
3400,,,,,
3402,,,,,
3407,,,,,
3408,,,,,
3409,,,,,
3410,,,,,
3411,,,,,
3412,,,,,
3414,,,,,
3415,,,,,
3416,,,,,
3417,,,,,
3418,,,,,
3419,,,,,
3420,,,,,
3421,,,,,
3422,,,,,
3423,,,,,
3424,,,,,
3425,,,,,
3426,,,,,
3427,,,,,
3429,,,,,
3430,,,,,
3431,,,,,
3432,,,,,
3433,,,,,
3434,,,,,
2958,,,,12571783.43,0
3436,,,,,
3437,,,,,
3438,,,,,
3439,,,,,
3440,,,,,
3444,,,,,
3445,,,,,
3446,,,,,
3447,,,,,
3448,,,,,
3449,,,,,
3450,,,,,
3451,,,,,
3452,,,,,
3453,,,,,
3454,,,,,
3455,,,,,
3456,,,,,
3457,,,,,
3458,,,,,
3460,,,,,
3461,,,,,
3462,,,,,
3463,,,,,
3464,,,,,
3465,,,,,
3466,,,,,
3467,,,,,
3468,,,,,
3469,,,,,
3470,,,,,
3471,,,,,
3472,,,,,
3473,,,,,
3474,,,,,
3475,,,,,
3476,,,,,
3477,,,,,
3478,,,,,
3479,,,,,
3480,,,,,
3481,,,,,
3482,,,,,
3483,,,,,
2851,,,,1406149.26,0
3485,,,,,
5404,,,,1097960.02,33200
3487,,,,,
5290,,,,2380887.68,0
3491,,,,,
3492,,,,,
3493,,,,,
3494,,,,,
5060,,,,2498698.87,0
5601,,,,,0
5606,,,,,0
3499,,,,,
3500,,,,,
3501,,,,,
3502,,,,,
5043,,,,174850.88,0
4280,8693303.61,6904983.45,1788320.16,60151552.46,11108302.72
2988,,,,1997340.79,0
3508,,,,,
3509,,,,,
3510,,,,,
3511,,,,,
3512,,,,,
3513,,,,,
3514,,,,,
5309,,,,1314787.49,0
3516,,,,,
3517,,,,,
3519,,,,,
3520,,,,,
4664,,,,1644634.91,325625.67
3522,,,,,
3524,,,,,
3525,,,,,
5497,,,,,0
5000,,,,490873.82,0
4582,,,,16682.27,0
3531,,,,,
3532,,,,,
3534,,,,,
3535,,,,,
3536,,,,,
3537,,,,,
3538,,,,,
3541,,,,,
3542,,,,,
2879,,,,40471.62,0
4168,2091456.75,375239.09,1716217.66,28624712.03,4277895.96
4883,,,,409426.53,0
3546,,,,,
3547,,,,,
5174,,,,72527.19,0
3549,,,,,
2904,,,,24495.08,0
3552,,,,,
5173,,,,75847.49,0
3554,,,,,
3555,,,,,
3556,,,,,
2977,,,,43502.24,0
3558,,,,,
3320,,,,16250.69,
1989,3441115.24,2745020.87,696094.37,7221515.88,1653744.81
3563,,,,,
3565,,,,,
3566,,,,,
3567,,,,,
3568,,,,,
3570,,,,,
3571,,,,,
3572,,,,,
3573,,,,,
3575,,,,,
3576,,,,,
3578,,,,,
3579,,,,,
3580,,,,,
1934,,,,17450052.93,1579035
3583,,,,,
3584,,,,,
3587,,,,,
3588,,,,,
3590,,,,,
3591,,,,,
3592,,,,,
3614,,,,10236.38,
1896,,,,9201061.54,208855
4864,36842306.96,25348314.28,11493992.68,15860514.66,0
4759,3605489.02,3005584.09,599904.93,6250668.9,543742.47
4368,,,,30198383.77,1970744.5
1966,,,,8143719.94,1681284
1881,,,,2944843.15,255138
4255,,,,25473437.32,2143138.5
4043,,,,946367.37,116340.75
4219,,,,7415157.76,1237705.28
5525,,,,,0
4188,,,,19903187.12,3313031.92
5526,,,,,0
5067,,,,8062198.55,0
4061,2522604.92,2267734.49,254870.43,3974478.97,569670
1968,,,,37703713.52,4257267.97
2850,,,,4327774.39,0
5090,,,,5910094.63,35216.25
3376,,,,6999940.03,
5250,,,,17993983.31,0
2965,,,,3000795.51,0
5094,,,,930657.61,33602.22
5258,,,,806419.18,0
2854,,,,579945.39,0
2877,,,,951915.12,0
1950,,,,574530.98,74844
4490,69661084.71,,69661084.71,915687737.78,21805146.24
2853,,,,130014.08,0
2885,,,,8824311.63,0
5016,,,,3135.26,0
5247,,,,1897908.28,0
2898,,,,55897.82,0
2897,,,,75184,0
2930,,,,212620.81,0
4008,2868196.73,2465840.29,402356.44,2569085.9,1262124.23
5425,,,,464403.62,518657.96
5243,,,,1320318.18,0
5125,,,,2004706.26,0
5171,,,,1082212.23,0
1888,,,,6758605.82,1046453.3
5154,,,,3644.11,446662.49
5435,,,,4072541.39,0
4642,,,,6571789.27,1159993.21
4658,,,,13663713.64,1112853.4
4622,,,,2416849,0
4555,,,,5875813.31,448572.54
4077,,,,16595662.54,3299351
1946,,,,17541820.75,288278
4720,26216352.56,24457348.27,1759004.29,244903931.58,42391463.66
4124,,,,6593153.21,1227697.03
1993,,,,35684182.87,4693006
4453,,,,3879993.06,375778.13
4011,,,,7738769.52,1463518
4027,,,,8341293.11,912225.58
4120,,,,1914682.79,274639.01
4163,,,,6342340.95,394978.7
5560,,,,,0
3314,,,,455369.3,
1890,,,,7638439.83,0
4514,102635519.9,,102635519.9,384894406.97,23149498.87
4053,,,,2564683.72,441205
4526,9820874.54,,9820874.54,283619773.34,3893254.53
4661,,,,1110110.81,69039.77
4406,,,,18267267.33,851038.18
3362,,,,6195205.8,
3607,,,,,
4742,,,,10089089.39,0
4739,,,,874057.91,0
5503,,,,199241.34,0
1906,4273071.42,3672435.69,600635.73,5648118.08,1874578
4799,,,,1216890.4,62760.33
4677,3383846.2,2942502.97,441343.23,22280364.86,3274767.62
4259,,,,21181388.94,2849273.26
4121,,,,4849947.62,282365.08
4412,,,,18890910.27,3118893.13
1944,,,,4019463.94,648546
5201,,,,7674180.59,0
4537,53542.35,,53542.35,19770412.83,659587
1923,,,,3004023.04,64912
1938,,,,3144150.1,135660
4243,,,,39406435.11,3481862.27
4373,,,,5306654.47,692559.87
5137,,,,111716016.91,0
4229,,,,24723138.43,2102440.94
4766,13000478.57,12613412.25,387066.32,5483081.02,0
5076,,,,1960049.13,0
2931,,,,1180318.09,0
5543,,,,,249334.75
5461,,,,,1918664.58
4867,5785967.7,3350189.35,2435778.35,7326818.75,0
4836,3729035.59,2104339.73,1624695.86,885875.97,0
4602,,,,65718939.4,4620909.98
5248,,,,15047522.76,0
5106,,,,1070536.08,46716.62
5454,,,,173823.56,0
4017,33464676.55,15360258.73,18104417.82,55113218.14,9668782
4482,249447753.65,,249447753.65,14751918686.66,77111055.05
5068,,,,1134200.15,0
5146,,,,56849949.26,0
5323,,,,12080.71,0
4728,326750876.63,285319706.77,41431169.86,24706004.41,737529.16
5396,,,,29773672.15,0
4021,176786317.62,162548238.97,14238078.65,122651525.59,34929457.75
4593,,,,20252133.56,4435098.03
4725,,,,16024429.91,1831879.91
4434,,,,38173226.25,5388299.64
4752,,,,14499307.36,564297.87
4144,,,,17467954.13,3828574
4153,,,,8328562.26,428209.48
4154,,,,4389175.57,540895
3596,,,,,
4643,,,,16208955.36,502318.8
4693,,,,3390402.02,0
4323,,,,5306863.74,563589.34
4682,,,,16625420.56,2725695.56
5320,,,,11409.03,5457566.47
4683,61173467.31,57391667.46,3781799.85,403653940.09,28658825.99
4467,,,,9444424.15,195090.53
1878,,,,6577021.37,54775
1960,,,,48259660.62,4512689.89
4549,,,,1074305.39,89625.7
5142,,,,438042.78,0
4336,12950283.16,11123995.93,1826287.23,9232560.71,4321113.98
4062,,,,3095013.91,95524
1963,,,,7610816.89,1296030.03
4018,,,,4132709.44,832243
4101,3399662.3,2464696.46,934965.84,4461112.39,812102
4509,10917236.02,,10917236.02,206961311.9,11022339.67
4292,,,,25541185.85,3141703.03
3330,,,,5366361.92,
4806,63338524.7,31091000.43,32247524.27,163889997.43,3147288.53
4794,9748189.06,4389625.74,5358563.32,19008483.6,97814.08
5565,,,,,0
5566,,,,,0
4843,22874469.41,12920849.78,9953619.63,68032655.95,449980.58
1969,8587054.39,6226279.65,2360774.74,19065881,4033352.91
4575,,,,168770902.66,20071948.65
4139,,,,5898074.88,321104.36
2889,,,,1352883.8,0
4562,39027707.79,31514093.99,7513613.8,572619372.58,82914356.82
4416,,,,48945462.42,6926192.59
4376,,,,18001125.04,569600
5395,,,,,3094875.24
5473,,,,,114957.17
4029,14263187,11522577.32,2740609.68,46820167.2,11865026.97
5081,,,,17367834.02,0
3545,,,,80246.7,
5157,,,,3901102.19,0
5160,,,,324252.9,0
4357,20543787.44,13584223.45,6959563.99,10936199.42,900517.23
4240,12733883.73,8548934.33,4184949.4,221976651.88,59256274.44
4708,,,,10816787.11,501389.56
5535,,,,74828.22,0
5208,,,,1384204.87,0
5385,,,,572925.79,1922217.15
3620,,,,,
5441,,,,390871.07,0
5397,,,,7307.41,0
5482,,,,23449690.72,475309.7
4648,,,,1900323.25,91219.57
4775,,,,10265968.02,341318.02
4476,2930471.37,2217489.44,712981.93,84286138.2,1910647.69
4804,3705725.7,2568975.94,1136749.76,26133681.26,0
4769,,,,34200967.13,221734.52
4109,,,,57648989.57,3635560.48
4860,72058011.69,52864330.28,19193681.41,69711566.02,740185
4809,,,,3283172.84,0
4810,14379467.63,10769074.05,3610393.58,57848864.99,204406.37
4385,,,,17803249.55,0
4776,10930788.8,7383303.65,3547485.15,31241346.49,1696122.64
4489,134489301.63,,134489301.63,2177548850.78,25061485.86
4472,,,,86265281.48,4678978.82
1874,,,,22887905.74,4308099
4034,,,,19868844.47,2697385
4242,,,,6172025.65,914999.83
3623,,,,,
4064,,,,2918163.16,387910.63
4488,115181643.11,,115181643.11,2993135968.46,104786366.05
4013,4310797.51,4180886.62,129910.89,62808331.04,14976650.61
4572,,,,67973840.7,7078279.84
4618,128700922.12,99958994.34,28741927.78,105981061.37,35650550.07
4308,,,,812316670.06,135123682
4584,,,,49266627.56,7422262.24
4741,,,,15866246.01,2967737.67
4395,,,,18307405.33,3596784.5
5458,,,,508829.64,617147.31
4629,8908167.94,8401830.24,506337.7,13257590.84,2732609
1949,,,,837036.96,156373
4090,,,,6615076.59,291325.36
4079,,,,25632263.08,7634682.84
4108,,,,3114956.97,249129.51
4304,,,,12565373.45,1331667.15
5453,,,,31780017.55,0
1991,15324105.42,14279071.76,1045033.66,13938556.78,1529021.39
4761,,,,4006034.97,394949.48
4838,,,,6388763.92,0
1901,,,,26651652.74,2836942
4331,2770197.73,2279644.59,490553.14,11322366.88,1671017.56
5175,,,,159026.03,0
5401,,,,51971.89,0
4205,,,,2985308.16,15295
4510,3548305.86,,3548305.86,311240877.86,5206061.95
4895,,,,195276.33,0
4536,7210690.02,6008813.92,1201876.1,34902489.74,2049762.2
2964,,,,5759781.29,0
5420,,,,195103.58,2241932.45
5121,,,,103478.1,0
5197,,,,1495224.55,0
5274,,,,1518091.71,0
5324,,,,365586.28,2513023.6
2918,,,,4300099.08,0
5111,,,,3149241.65,21592
4654,,,,6010857.2,665331.02
4609,8138893.57,6301770.25,1837123.32,46809709.83,7132437.19
4518,33733377.59,,33733377.59,231415911.33,3397744.32
2990,,,,983739.9,0
2908,,,,80761.88,0
5398,,,,3783.95,0
4513,562816.99,,562816.99,139239051.57,5001076.13
2911,,,,67568.51,0
5313,,,,666292.63,0
4568,,,,30614773.58,3460492.34
4541,1867604.07,1535767.08,331836.99,90995727.25,8225688.2
1898,,,,44167865.22,4954255
4856,172513553.42,72068252.78,100445300.64,36554241.91,0
4821,10834755.48,5617001.57,5217753.91,37792359.65,82826
4886,9159139.52,6443381.72,2715757.8,8719226.61,0
1924,,,,49926354.5,1234417
4350,,,,10259651.28,237929.11
4386,,,,15302173.31,3840452.46
4696,,,,4969297.09,750732.86
4031,55138473.82,49047945.56,6090528.26,320422176.95,26418205.34
4128,,,,10126940.11,960269
4544,,,,3248271.66,727715.55
4400,12581999.88,9877847.92,2704151.96,139377298.87,45327867.57
4110,,,,67034034.89,3549313.95
1915,,,,21498619.82,2780704
4327,,,,4294224.8,750369.99
4322,,,,28335249.54,511159.15
4283,21105530.96,17967178.06,3138352.9,399938623.47,39380766.14
5192,,,,61870100.96,0
1988,,,,3925597.14,476492.68
4698,9847642.65,5494174.2,4353468.45,100285149.53,108750
1873,,,,13737974.24,412057.48
4324,,,,4539992.99,591792.36
5596,,,,,0
4499,10544220.92,,10544220.92,1836028982.58,12400105.73
4320,,,,31960035.12,2107211.42
4069,,,,41354847.24,5718652
1877,,,,5996437.44,1505411
5561,,,,,0
4410,,,,3609327.91,506131
5590,,,,,0
4713,,,,233155.45,0
4022,23207247.52,21623111.95,1584135.57,216779434.4,25002992.05
4245,18608796.05,14700160.84,3908635.21,42026629.46,7628801.58
4854,,,,11030755.88,0
4768,,,,35575546.35,979860.58
4344,17990768.82,11058737.64,6932031.18,488616481.86,175504799.47
4887,,,,185315.92,0
3521,,,,2565254.14,
4047,,,,13324210.65,482423.45
4353,5087697.22,4189991.4,897705.82,282245435.61,39178695.64
3638,,,,3787500,
5129,,,,1377758.82,0
4837,,,,17283375.21,307875
3608,,,,5039190.89,
4066,,,,1017761.39,78963.67
2921,,,,2613039.26,0
4265,,,,1602711.5,11491.39
4418,,,,13963137.57,1496076
4619,,,,184078515.95,5251717.22
5233,,,,155164.75,1313220.1
4201,,,,11180461.69,0
4504,29903984.11,,29903984.11,523998656.28,7470084.43
4701,3704826.8,2915676.7,789150.1,46441445.1,0
4675,38434.87,32834.87,5600,2013608.96,0
4088,,,,1653796.77,246920
5307,,,,674711.55,0
4583,,,,14592656.35,1703690.13
4818,1251037.88,777293.33,473744.55,14231000.38,0
4796,69516223.11,48010665.05,21505558.06,102334603.82,3473059.98
5056,,,,2758839.89,0
3486,,,,36990067.83,
4778,1002445.94,506920.76,495525.18,7839218.7,946426.15
5275,,,,722953.45,0
5562,,,,,0
3523,,,,275575.36,
5263,,,,19206.68,300576.5
2876,,,,112240.74,0
2882,,,,151670.08,0
4732,,,,8210572.35,921749.69
5297,,,,6836545.84,0
5200,,,,333087.74,0
4792,,,,13920121.41,0
4586,202942853.81,182111272.91,20831580.9,110081331.58,37714508.69
5522,,,,1778.4,0
3598,,,,21090.56,
5083,,,,1125000.01,0
4480,257591257.46,,257591257.46,17732476939.89,195649009.57
4880,,,,11273268.68,0
4223,57468972.87,45122275.07,12346697.8,156308394.65,26286917.39
4496,70490903.42,,70490903.42,3406868785.73,67302173.34
1941,,,,25078569.96,996035
4595,10038254.14,8551668.81,1486585.33,92099103.65,9641547.81
4180,,,,31650361.82,209310.96
4449,,,,63369177.87,3305696.35
4427,,,,21944073.57,2787994.42
4553,,,,10678844.27,1569961.46
4611,1241474040.36,756943448.06,484530592.3,3517557741.63,126436297.61
4218,,,,18753959.84,3824948.83
4286,39700862.51,32647472.31,7053390.2,242658972.63,35984572.31
4478,,,,7771447.2,420026.4
4691,,,,7384618.63,628036.2
2888,,,,8630995,0
4563,96549405.07,71671516.92,24877888.15,290952486.8,19084780.42
4577,13555380.43,11417602.54,2137777.89,134672261.25,10630094.58
5489,,,,812034.31,0
1872,,,,9308284.68,1418762
4733,,,,2175995.67,0
4519,2242253.35,2069844.91,172408.44,9615724.74,2439099.86
4106,,,,31099393.08,2980809.33
4888,,,,2638116.62,0
4859,,,,264312.01,0
4441,9053665.36,8496507.52,557157.84,55046024.71,7424230.78
4249,,,,25040281.77,2558494.27
4206,,,,924687.91,143035.25
4225,,,,16081740.66,1364562.82
4605,2550083.38,2397106.42,152976.96,6504068.8,840771.64
4697,13599107.37,9098006.42,4501100.95,75462069.4,4473912.13
4523,23608691.58,,23608691.58,114762952.52,2494691.49
4709,38943360.51,29182487.13,9760873.38,52069742.23,3040377.9
4379,,,,36459263.64,1593818.56
4358,,,,26257383.54,7890800.02
4339,1336693929.1,768070472.41,568623456.69,35587839789.1,627318453.64
4310,,,,7166137.84,1118109
4276,,,,13802564.69,1077127.07
5536,,,,12920.87,0
5513,,,,,0
1914,,,,1862942.69,418576
5439,,,,3628684.84,0
2946,,,,43282.66,0
3395,,,,446808.86,
5517,,,,,0
5005,,,,6669639.04,0
5294,,,,110836.8,0
5318,,,,510435.38,0
1995,1805969.74,1744834.03,61135.71,14877759.59,1041788
2981,,,,156228.72,0
2926,,,,283927.65,0
2939,,,,204671.41,0
5269,,,,66098.71,0
2974,,,,467902.26,0
5570,,,,,0
5170,,,,1727559.21,3054442.91
1911,,,,26687516.62,2477129.75
4342,,,,4174300.13,302479.83
4491,55104282.9,,55104282.9,2399736648.76,53609930.24
4731,,,,20847155.12,1367759.03
4050,,,,4721628.31,227656
4604,,,,7018597.26,914283
5303,,,,508603.58,0
1928,,,,3008481.95,2454493
3581,,,,312742.69,
4767,,,,897510.09,66191.83
3635,,,,3750000,
3606,,,,17716.5,
4835,,,,10743341.57,0
4793,,,,612060.42,0
4816,,,,1622866.25,17621.99
4889,,,,4508100.98,0
4528,53689142.35,,53689142.35,310094533.16,20075407.15
4508,7148172.7,,7148172.7,82782811.71,1270357.57
4576,21230957.65,17928588.24,3302369.41,124271927.55,11846574.64
4612,,,,14924451.6,0
4539,,,,51551225.64,10029940.74
4663,110565668.96,96737968.95,13827700.01,465938613.07,72809493.34
1974,8585761.3,6981406.64,1604354.66,50409497.12,8713370
4655,3680647.89,3454277.91,226369.98,41683674.75,7976811.8
4428,,,,73574179.4,6881451.62
4431,,,,43100641.32,5214768.85
4470,,,,13702050.81,480986.47
3428,,,,-23499530.3,
4832,37716104.22,22635780.43,15080323.79,355318841.8,0
4589,,,,14570953.56,845999.81
4462,,,,19340531.83,495227.36
4460,,,,5877298.76,840380.09
4457,,,,2764069.09,26879.84
4423,,,,2250088.49,40833
5488,,,,696827.93,0
4878,9491175.38,6231700.37,3259475.01,18799529.04,0
3336,,,,916843.53,
4817,91440029.42,48773736.22,42666293.2,69777814.07,7813.6
1980,37062310.48,22596129.42,14466181.06,160170851.47,92526566
1909,169303511.72,146829691.09,22473820.63,245881944.82,64806420.55
4111,,,,24295599.44,394787.81
4588,,,,38796335.23,5711712.78
4305,,,,63676913.81,7339028.45
4592,,,,75693084.91,6479762.39
4426,,,,13773887.86,704653.25
2940,,,,95356.14,0
4372,,,,35039293.69,4519465.6
4422,,,,540891.07,0
5399,,,,96781.06,0
4319,,,,62692062.94,5106912.05
4355,,,,10176488.56,447348.92
5486,,,,3557101.83,0
2906,,,,789533.19,0
5049,,,,457025.18,0
4192,,,,548510.68,52234.63
4413,28176282.28,27836540.48,339741.8,186655637.7,14028545.82
4345,,,,7573398.42,265140.44
1979,11386784.01,10011898.05,1374885.96,18433516.77,4213705
4315,,,,84001898.26,7522835.04
2874,,,,22073.78,0
5549,,,,,0
5550,,,,,0
5053,,,,,0
5551,,,,,0
2919,,,,3908122.74,0
2996,,,,622320.74,0
2994,,,,373970.07,0
5155,,,,1143555.26,316730.66
5245,,,,2682305.5,0
5364,,,,62426.25,0
5315,,,,65178.81,0
5354,,,,68404.73,0
5310,,,,500999.3,2842190.33
5193,,,,202450.63,0
5358,,,,69247.64,0
5316,,,,156297.96,860715.38
4313,,,,9158293.36,1695975
1902,,,,3112391.72,23471
5585,,,,,0
4505,11966533.5,,11966533.5,818839542.94,17835163.62
3586,,,,960363.88,
3597,,,,2635138.07,
4885,,,,4420336.42,0
4863,,,,22990303.36,0
4532,1552805.91,,1552805.91,474543763.13,9205857.41
4004,,,,6433605.15,1105267
4685,5557341.55,4745500.72,811840.83,36328111.89,3899207.63
4497,74129003.94,,74129003.94,163080298.09,6504135.39
4773,,,,204081.9,0
4435,,,,19162471.19,7132699.78
4046,,,,88561262.67,10313835.25
4307,,,,9895668.47,1716229.84
4686,,,,1740753.86,374835.47
4681,,,,1060499.18,0
4207,,,,3949092.78,415567.57
4748,,,,4228835.57,0
4600,,,,30859394.53,2812853.2
5419,,,,4634597.1,743457.99
3582,,,,7182572.15,
3551,,,,554277.01,
3484,,,,2352015.46,
4330,,,,13211305.85,1490600.22
5115,,,,,8689.8
4601,1962203.12,1787063.29,175139.83,19754997.54,1922958.53
4665,51854048.53,43963171.24,7890877.29,25284698.38,16633960.25
5118,,,,,0
5119,,,,,0
4464,,,,42738761.97,4367458.23
4640,,,,22394692.68,2886769.74
5123,,,,,0
4820,15652328.77,11309075.36,4343253.41,21277588.3,0
4463,,,,6898511,1601612.14
4678,,,,3082243.7,610005.09
4719,,,,13273851.34,556759.28
4477,,,,4677987.1,911047.25
4094,,,,24774756.74,3418580.6
4370,,,,18799903.03,0
4875,4074567.87,2376154.17,1698413.7,5713431.98,0
4788,8248021.68,4400050.6,3847971.08,55878396.05,0
4845,,,,8813648.91,0
4850,,,,58164304.32,0
4899,,,,316062.31,0
4214,,,,86849488,9497556.35
1935,374827388.04,318249256.27,56578131.77,5010717.42,46935363.7
4557,11423336.69,8178199.02,3245137.67,196759209.43,45679144.4
4103,,,,4212154.14,386084
4399,149572302.29,123061722.8,26510579.49,2252914678.3,136174375.29
4580,,,,40668220.7,2773607.51
4705,,,,85425493.35,7722480.31
4383,,,,8842286.59,1866733.71
1964,,,,5611823.23,1211616
5186,,,,5335398.46,0
5244,,,,18219107.47,0
3600,,,,33234197.06,
4735,,,,14606351.99,0
5299,,,,392089.1,0
5262,,,,21531039.35,0
4848,,,,10193504.44,0
4614,255474480.36,229926923.16,25547557.2,349970266.38,32404846.36
5291,,,,87622.82,0
4862,,,,3455815.17,0
5352,,,,12172.82,0
4825,,,,39950378.03,0
5167,,,,,0
4891,,,,388681.53,0
4081,18066465.05,15342803.23,2723661.82,37399646.71,6780294
4362,774416.84,549705.7,224711.14,40633608.74,5457632.77
2932,,,,308817.5,0
5223,,,,31437.89,0
4084,,,,17828372.01,3444360.76
4823,726953.54,435795.88,291157.66,738444.93,0
4512,75246340.4,,75246340.4,1018696402.87,35141306.38
4020,102809877.74,95805556.1,7004321.64,564367352.11,64309784.84
4722,,,,10752610,1343280.97
4433,,,,701119.22,146376.8
4164,,,,3976954.92,450107.2
4458,,,,49630266.52,1639577.8
4296,,,,14370133.29,293370.04
4694,,,,29755138.76,5548407.5
4363,3883630.08,3436880.94,446749.14,10631885.98,1587635.82
4620,,,,5109251.27,2007011.46
4736,,,,3790943.44,165439.3
5187,,,,84466.35,0
4858,,,,3014378.87,0
5209,,,,12068.12,0
4802,,,,195750,0
5176,,,,175234.98,0
4340,44112249.83,30365387.35,13746862.48,21984671287,197061537.59
1983,13543057.75,12834588.26,708469.49,7465375.43,1443981
4625,,,,119348253.31,15193437.54
3543,,,,5900544.46,
5062,,,,17351586.34,0
4381,,,,33876369.25,4124236.71
5214,,,,,0
5215,,,,,0
5216,,,,,0
5217,,,,,0
5218,,,,,0
5219,,,,,0
5220,,,,,0
5221,,,,,0
5222,,,,,0
4452,,,,11037052.59,451859.58
5224,,,,,0
4656,,,,11389609.34,4093280.97
4378,,,,1941675.62,138255.89
4203,,,,5206761.6,42501.12
5301,,,,114889.04,0
4747,,,,9061604.68,487166.56
3507,,,,1001211.19,
5515,,,,53048.77,0
4042,16621823.6,16561667.23,60156.37,43550470.92,6056785.3
4800,,,,5722863.68,140078.7
5240,,,,,0
4136,,,,28828351.7,2157637.6
4129,,,,68726140.27,1345157.76
5327,,,,3896583.31,7854810.97
4396,1011549.7,628323.13,383226.57,6281806.71,342759.4
4574,,,,41458205.72,5220859.17
4360,,,,63533772.65,12070562.36
4567,,,,784622781.66,10754041.96
4710,,,,12189470.9,0
4650,,,,24871344.12,3756931.93
4653,,,,8762169.86,0
4756,3372753.83,3259527.67,113226.16,4817396.83,212999
4750,,,,33108361.61,1398548.06
4662,,,,15401156.97,369796.07
4594,,,,16390665.67,1473841.78
4797,16916975.81,10887544.99,6029430.82,30273926.31,907943.77
4755,,,,11506172.01,2673103.09
4770,,,,4466206.14,39295.67
4812,,,,6274723.12,62343.43
4808,,,,7193352.34,217886.25
5228,,,,9188549.35,0
4233,,,,3078434.15,472182
4151,,,,4347340.77,387721.52
5036,,,,563414.74,0
4178,,,,1824522.67,217506.63
4302,,,,3345510.33,0
5277,,,,,0
4599,,,,24982509.46,2291358.56
5279,,,,,0
5280,,,,,0
5271,,,,30025.07,0
4515,77402974.66,,77402974.66,187682387.52,15412443.94
4440,2154577.84,1777702.8,376875.04,60029281.16,9613297.06
4479,,,,8131365.59,659054.56
4616,,,,28397526.68,3564082.73
4789,,,,1996246.3,0
4394,24523834.2,21521282.91,3002551.29,99291939,15860395.74
3443,,,,957787.02,
5164,,,,2388962.04,0
4690,,,,264581.77,0
5409,,,,2806287.14,0
5047,,,,2540783.4,0
5365,,,,227319.53,0
4485,279418622.4,,279418622.4,13916461676.14,212108238.01
5305,,,,,0
5306,,,,,0
2991,,,,169360.98,0
2872,,,,4527.53,0
5035,,,,10455.91,0
5108,,,,1947217.55,30584.95
4459,,,,18126365.53,3486078.36
5319,,,,,0
5322,,,,,0
4155,,,,43148257.98,5836557
5326,,,,,0
3363,908559.23,368377.93,540181.3,4019821.87,
5328,,,,,0
5329,,,,,0
1876,,,,18085951.67,3177806.11
5331,,,,,0
5332,,,,,0
5333,,,,,0
1883,,,,118162678.93,11516711.19
1921,,,,13066488.27,2374487
5336,,,,,0
4566,,,,3368018,545665.99
5338,,,,,0
5339,,,,,0
5340,,,,,0
4174,3041132.24,2335071.08,706061.16,9410016.22,1797562.06
4374,,,,7849939.36,367069.75
4667,,,,1635118.02,74201.67
3561,,,,2157862.51,
5346,,,,,0
3599,,,,194207.73,
5348,,,,,0
5349,,,,,0
5350,,,,,0
4813,,,,2217751.11,0
5520,,,,27449.44,0
4811,,,,3041071.53,41508
5355,,,,,0
5356,,,,,0
5357,,,,,0
5361,,,,,0
5362,,,,,0
5363,,,,,0
5366,,,,,0
5368,,,,,0
4841,,,,3344685.78,0
3593,,,,,
5371,,,,,0
5372,,,,,0
5373,,,,,0
5374,,,,,0
2953,,,,9616.73,0
5376,,,,,0
5377,,,,,0
4852,,,,4566885.74,465979.83
4118,,,,7097551.4,734810
3594,,,,,
4258,,,,34290562.85,3263119.96
4450,,,,4871677.62,0
4401,,,,33230394.25,5004709.99
1970,1647254.75,1412144.33,235110.42,4871305.3,883701.35
5387,,,,,0
4779,1191262.87,678337.42,512925.45,6471108.95,165960.17
5390,,,,,0
4397,,,,30809174.18,449384.97
4807,10007541.36,7017403.72,2990137.64,31543751.3,771956.83
1954,,,,52013289.04,7365952.14
5131,,,,4247960.9,0
4581,,,,38585268.74,1158028.22
4224,,,,3751531.77,140725.08
5400,,,,,0
5402,,,,,0
5403,,,,,0
5285,,,,8302631.62,87039.89
5405,,,,,0
5406,,,,,0
4737,,,,1007524.08,119439.31
4881,,,,2338783.79,0
4107,,,,7915043.74,676141.75
5411,,,,,0
5412,,,,,0
5413,,,,,0
5414,,,,,0
5415,,,,,0
4692,,,,514383.96,8410.33
4019,37238654.89,31056287.45,6182367.44,87544413.27,14541597.19
2925,,,,125530.94,0
2947,,,,411278.9,0
5424,,,,,0
5431,,,,,0
5432,,,,,0
5433,,,,,0
4100,,,,8293401.3,1410234
5437,,,,,0
5438,,,,,0
4492,75474203.23,,75474203.23,628182123.01,7036007.21
4621,,,,7170595.33,707189
4414,,,,10040183.16,1216188.42
1998,4820193.95,4623721.37,196472.58,46273268.6,10962304
4227,1293347.34,1015897.76,277449.58,2498189.73,634097.65
4226,1157319.71,1046550.88,110768.83,11190670.99,2004634.04
1895,58954565.86,56928024.52,2026541.34,25084370.59,10908419.35
3631,,,,,
1918,5733945.27,5357251.61,376693.66,5659644.93,963402
4026,1262644.95,1137683.84,124961.11,17861260.9,1798709
4615,224574470.26,202146196.1,22428274.16,486760303.76,62693083.35
4177,35062955.9,28935762.88,6127193.02,126818781.42,36314335.47
4269,62683456.32,45072744.7,17610711.62,41631381.31,5048239.59
4503,74392468.01,,74392468.01,20971182.5,17289697.31
4569,5611101.61,4390958.02,1220143.59,201822099.47,44544349.86
4263,94361628.91,74284720.15,20076908.76,104966776.31,15513583.86
4122,3490150.63,1613360.14,1876790.49,33351764.74,4080910
4535,4072572.58,,4072572.58,79767691.27,1363263.64
4419,1297359.78,1029356.42,268003.36,3480384.35,594901.4
4826,1983856.22,1466246.45,517609.77,7176488.97,129464
4879,40890568.77,28577877.32,12312691.45,94901638.23,0
4068,27791929.44,24637879.91,3154049.53,48651262.66,13695681.4
1972,10653250.32,9120883.93,1532366.39,23729627.61,2809443
4025,41528546.57,37917812.34,3610734.23,25638857.47,9303493
4254,1212227.55,1118316.44,93911.11,11363427.87,1987927.04
4175,5847689.28,4365948,1481741.28,87324475.11,2638843
4833,987262.51,607737.67,379524.84,796203.12,0
4795,8519352.4,5458703.28,3060649.12,42161198.1,1939236.93
1930,26438629.85,23938991.35,2499638.5,52178015.97,15487774
4421,15339113.18,13557850.66,1781262.52,168615324.17,36946691.52
4516,6464075.25,,6464075.25,324347047.68,8353416.93
4529,16784771.48,,16784771.48,579459590.67,10641482.23
4829,332698629.72,90320813.62,242377816.1,311629760.61,1096939.13
1931,10259307.7,8273536.99,1985770.71,19746564.26,2695875
1893,4373420.87,4052960.37,320460.5,5802632.98,1057567
4724,83660318.79,61034574.76,22625744.03,740717373.04,4488049.96
4791,3515180.4,2145264.35,1369916.05,11865529.84,0
4630,16068225.57,11661212.41,4407013.16,166311911.75,11958027.08
4587,3433087.72,2882946.5,550141.22,4082215.6,955955.69
4500,35675864.52,,35675864.52,996942069.61,5899807.29
1933,61762768.74,48776373.72,12986395.02,11708670.41,11179104
4176,22394257.37,17769195.04,4625062.33,34914043.03,8309380.18
4248,2903899.73,2379211.71,524688.02,5699153.76,731668.23
4680,7016325.08,6152015.96,864309.12,112062779.5,13167049.89
4341,9674.92,9674.92,,10613.94,130500
4266,21144461.52,18326321.56,2818139.96,33427540.56,4808395.86
4657,5500448.67,4941680.84,558767.83,,1013834.99
4157,2858538.97,1616075.25,1242463.72,,247424.87
4777,3747420.82,2454425.87,1292994.95,,887081.38
4765,6386274.89,6193331.44,192943.45,,0
4676,27888571.94,23952456.39,3936115.55,,266100.87
4610,4948930.85,3514608.09,1434322.76,306487220.1,25155685.81
4671,649140075.65,73602527.7,575537547.95,1783908588.3,30714718.05
1996,6708117.08,6271847.46,436269.62,42263772.07,7332356.37
4284,6611177.87,5306453.19,1304724.68,93107430.1,14964791.25
1904,5283702.22,4941144.26,342557.96,9398848.44,683397
1916,1320029.19,843762.76,476266.43,7246904.42,1308289.37
4058,1727998.34,1351977.81,376020.53,4896874.71,533707.11
4116,169205736.75,147019451.18,22186285.57,32577023.15,25071728.27
4086,421687505.7,364811334.83,56876170.87,2457372609.39,286679751.68
4001,1428515.82,1294869.53,133646.29,10545798.69,561231
1917,2733258.17,2425506.08,307752.09,6414974.86,2081508.77
4332,1656932722.84,1243287192.54,413645530.3,2966995442.34,527630723.66
4564,37688066.27,29679108.25,8008958.02,211152823.77,31899651.26
4533,1832255.62,,1832255.62,493117260.53,854668.75
4590,8208404.49,6773869.08,1434535.41,37060899.32,6112058.39
4429,1682322.34,1363685.52,318636.82,28253866.89,4300325.96
4057,10409047.22,8338020.41,2071026.81,14924163.49,3068640.41
4525,16031945.25,,16031945.25,442766860.38,21897519.19
4573,30416884.58,20948170.93,9468713.65,61108763,2259106.52
4527,10015873.13,,10015873.13,39630885.2,3064508.56
4798,935129393.22,208231105.12,726898288.1,251014212.18,476569.12
4764,5328308.23,5132377.37,195930.86,48829155.05,1247383.21
4758,27820961.07,23486488.63,4334472.44,,151570.95
4377,30651039.6,24178944.62,6472094.98,,3092758.13
4326,5217208.76,4668384.17,548824.59,,463702.36
4078,7115053.78,6471155.03,643898.75,,601235.07
4819,211067682.63,128446218.37,82621464.26,,20328
4892,205217490.1,118027324.19,87190165.91,,0
4757,439588177.69,393550920.84,46037256.85,,6483236.6
4466,69599384.85,57691078.98,11908305.87,,4342787.18
4734,85089671.3,58436576.7,26653094.6,426181317.69,43533517.48
4706,3047242.46,2682178.96,365063.5,18353914.38,1962062.6
4365,1593486.18,1294506.99,298979.19,13711899.62,2659598.41
4293,3433359.29,1663176.79,1770182.5,3678756.29,223190.28
4861,41194446.47,31181293.24,10013153.23,30974570.02,0
5612,,,,,0
4893,42463594.02,6962760.65,35500833.37,5042157.76,0
4872,2761571.6,2309692.13,451879.47,9118866.11,0
4827,562802779.14,290021756.47,272781022.67,1520100224.24,67340015.79
4606,14032804.41,11176256.29,2856548.12,11819404.91,918392.52
4272,40647560.21,34026997.09,6620563.12,60255516.56,7959685.03
4393,133951635.57,110195025.24,23756610.33,783904469.12,113631672.41
4506,174567579.12,,174567579.12,1737636254,52526382.67
5599,,,,,0
4451,7477718.54,6244990.15,1232728.39,77055352.37,28911129.82
4530,48486066.85,,48486066.85,135209479.22,8698482.35
4089,421340.81,378748.8,42592.01,8734303.07,1213946.54
4684,9481575.14,7822445.78,1659129.36,16396913.21,108000
4239,5516103.42,4868940.89,647162.53,9686344.03,1790609.67
5552,,,,,0
5553,,,,,0
4495,145840.82,,145840.82,41495038.5,327366.31
4707,2065723.13,1985662.49,80060.64,701290.11,0
4300,3006480.74,2381737.69,624743.05,,47212.4
4632,2123079.89,1974704.66,148375.23,,19449.12
4753,3359408.37,3204310.96,155097.41,,311802.24
4847,18327862.17,16601432.83,1726429.34,,0
4040,1335491.28,511993.98,823497.3,,86362
4790,36653185.63,24986022.23,11667163.4,,839809.69
4454,12935602.31,11071633.14,1863969.17,,586757.24
4871,108580148.23,69312248.69,39267899.54,,0
4237,439284.08,220241.9,219042.18,,474007.95
4145,61848927.77,56909350.93,4939576.84,371254249.84,57121301.29
4498,23871041.59,,23871041.59,1830917271.08,11348704.12
4596,2526330.21,2157606.15,368724.06,12361109.23,142037.82
4295,3338999.67,2421481.31,917518.36,10864850.29,1818454.58
4290,2598417.07,2411058.28,187358.79,7109979.59,877789.96
4291,10195614.19,8240163.88,1955450.31,16772599.44,3324179.47
5447,,,,,1155477.99
4059,2455408.1,2267219.55,188188.55,6904030.53,915156
4087,15411911.44,14281595.2,1130316.24,59567104.54,9402903.16
4559,242713285.46,172733067.67,69980217.79,3162159868.57,135547805.24
1897,16839844.02,15323835.76,1516008.26,31525292.67,8070040.93
4487,108971902.28,,108971902.28,2026960297.6,10153493.26
4524,43624996.27,,43624996.27,639774194.02,8624629.49
4407,91005713.68,59179529.29,31826184.39,1992339846.08,180675290.95
4447,5078955.35,3733446.17,1345509.18,10839644.55,3546845.84
4730,3489813.15,870851.31,2618961.84,17323178.11,369213.11
4874,52059600.23,39243338.4,12816261.83,28602313.93,0
4364,723486.85,399313.66,324173.19,,26462.05
4649,1570718.45,906408.7,664309.75,,0
3632,,,,,
4571,346304.76,186566.04,159738.72,,0
4782,3946411.84,2991260.24,955151.6,,300572.19
4780,7670256.32,5078810.62,2591445.7,,284799.75
4052,942962.56,772152.24,170810.32,,146221
4749,63881804.58,57081216.63,6800587.95,,151140.15
4851,3605987.17,2523827.95,1082159.22,,0
4763,76979.77,49058.23,27921.54,,0
4060,1042290.55,810073.94,232216.61,,0
4560,1326459.25,750166.22,576293.03,,42000
4866,7975406.2,5535827.57,2439578.63,,0
4865,3540571.83,2551261.58,989310.25,,0
4633,935304.83,665223.78,270081.05,,165225.13
1942,5391278.01,4319299.54,1071978.47,,230611
5524,,,,,582457.59
5567,,,,,0
5568,,,,,0
5569,,,,,0
2922,,,,96413.96,0
5134,,,,850539.46,0
5045,,,,875256.85,0
3557,,,,187850.76,
5077,,,,3340243.4,0
5019,,,,1158109.53,0
3562,,,,10578.04,
5422,,,,551624.05,0
2892,,,,2256591.3,0
5163,,,,577945.32,806554.35
5241,,,,589823.85,694896.49
5519,,,,109417.84,0
5321,,,,670174.52,0
5021,,,,2950234.62,0
5304,,,,,1137220.61
5273,,,,27757.8,0
5370,,,,51399,0
4037,,,,2036745.61,237236
4125,,,,1215685.33,178449
2923,,,,987749.43,0
4468,,,,95814137.74,10017572
4408,,,,76302869.91,8131348.97
4700,,,,9929960.84,0
4603,,,,5651776.73,921730.66
4303,,,,11344911.72,2188022.55
5393,,,,3697414.51,0
4647,,,,6918235.82,365715.13
5491,,,,190650.96,0
4870,,,,736680.11,0
5325,,,,24139420.75,0
4786,,,,15700715.23,334957.98
4846,,,,1550446.12,0
4299,,,,133911262.84,12222797.42
4349,,,,14968939.51,1992228.02
4432,,,,29948347.08,5238361.27
4411,,,,39766462.73,4858855.49
4194,,,,4363162.7,0
4550,,,,15800392.4,877287.93
5298,,,,3332983.74,0
3533,,,,1292559.68,
4148,,,,5540702.34,72958.15
4196,,,,4749236.93,1099523.14
4585,,,,35332470.04,856096.04
5148,,,,347893.55,0
1959,,,,25846401.41,1524502.24
4039,,,,4007617.71,1220631
4288,,,,9038145.25,1534196.17
4430,,,,495888.42,0
4760,,,,11740665.9,2292826.36
4746,,,,543053.87,0
1955,,,,8701342.5,1065773
5150,,,,1492294.74,0
5014,,,,1820322.36,0
5152,,,,1063262.16,0
4270,,,,2418773.48,400745.26
4006,,,,1218835.96,148547.19
4461,,,,66784383.92,5626161.38
4367,,,,5146389.49,302464.66
4641,,,,8768267.55,1243072.74
5252,,,,1361223.86,0
4390,,,,25415597.64,3610529.06
4740,,,,12498218.63,152479.79
4565,,,,2488987.34,495025.85
4639,,,,6683006.85,1065894.07
4868,,,,3779969.31,0
4896,,,,703676.4,0
4425,,,,5460572.79,206208
4805,,,,79526726.65,1202748.5
4670,,,,205733.56,0
3640,,,,3750000,
4624,,,,13988599.49,2038013.4
4403,,,,4029663.87,602356.25
4721,,,,40781546.47,2508938.63
4162,,,,28843486.64,2376450.44
4253,,,,11330279.15,424136.68
4669,,,,1273951.56,0
3442,,,,2962667.09,
4613,,,,2527459.01,502174.04
4096,,,,3119810.75,0
5260,,,,8137774.81,0
4389,,,,515561.24,0
5033,,,,371970.78,0
4744,,,,3851734.64,506842.84
3488,,,,114674.53,
5287,,,,7424005.57,0
4714,,,,476684.72,0
3630,,,,,
4849,,,,888872.15,0
5040,,,,1715018.69,0
4354,,,,8163787.83,8512.9
4343,,,,8866606.39,1649328.35
4474,,,,22901968.61,973876.5
5074,,,,3469119.78,0
5063,,,,479513.79,0
4152,,,,41565806.56,1979409.38
3392,,,,4365509.79,
2934,,,,75493.88,0
5114,,,,235333.26,30157.16
5502,,,,764855.53,73994.27
5367,,,,140176.05,0
2967,,,,32492.34,0
5270,,,,63576.93,0
2980,,,,13205432.57,0
5141,,,,423056.57,0
5109,,,,56523.64,438444.88
3539,,,,22140.45,
4717,,,,6541703.41,1009435.46
5136,,,,711455.47,0
5156,,,,5145844.24,0
4346,,,,33224174.85,3600906.57
4329,,,,6763182.28,51048.32
4762,,,,6681774.32,282769
4785,,,,4946163.09,201902.86
5007,,,,18887542.09,0
5500,,,,,529510.99
1887,,,,49059867.72,9243656
4010,,,,7283728.86,1063703
5162,,,,3336432.89,197565.14
1987,,,,2926897.38,409119
4234,,,,7078538.32,1458759.28
4210,,,,29974123.15,3848418.1
4443,,,,4414475.43,587428.76
5542,,,,,0
4179,,,,9821343.68,1319111.81
2890,,,,37108.68,0
3309,,,,4872449.38,
4049,,,,3337545.64,183991
5084,,,,6212010.79,0
5031,,,,7881912.63,0
3548,,,,83091.21,
4247,,,,29475163.85,4064912.16
5140,,,,8975198.42,0
5417,,,,10983886.2,0
3315,,,,741694.21,
4306,,,,2418459.51,87335.32
2944,,,,92199.11,0
5144,,,,3455640.95,0
3358,,,,19645.54,
5015,,,,219570.61,0
2901,,,,66410.19,0
3642,,,,,
3639,,,,,
5615,,,,,0
5238,,,,459333.08,0
5168,,,,19907.44,2452237.03
3641,,,,,
5598,,,,,0
5600,,,,,0
5602,,,,,0
4204,,,,31549943.74,2225128.65
4187,,,,14338940.7,2478462
1899,,,,87911844.27,14575777
4024,,,,57728528.7,6378770.07
4213,,,,9503317.82,973876.15
5132,,,,2479741.41,0
4065,,,,3039192.36,319205
4216,,,,4314738.44,514543.17
4209,,,,4917407.03,743506.6
4200,,,,5668467.76,1282099
3637,,,,,
3634,,,,,
5540,,,,,40110
4147,,,,72568.6,359
5161,,,,6696182.13,683583.04
1939,,,,908945.77,182310
3329,,,,74241.71,
3633,,,,,
3636,,,,,
4260,,,,16996776.09,2766438.92
5205,,,,6610686.89,445645.75
3505,,,,359340.27,
5282,,,,17119932.28,378932.3
2943,,,,30635.29,0
5353,,,,434109.83,0
5089,,,,855804.91,105977.93
5427,,,,2213460.6,0
2920,,,,1684808.26,0
5069,,,,2060560.04,0
5276,,,,2879115.57,0
5261,,,,15486.64,0
2959,,,,449229.15,0
5426,,,,2579736.07,237634.4
5351,,,,42994.78,0
5428,,,,978919.78,0
5337,,,,28166.64,0
5138,,,,2870.53,0
3629,,,,,
1926,,,,3383812.1,541078.83
4392,,,,2814814.41,821332.9
4167,,,,40860929.64,3690802.1
5027,,,,6120974.5,0
5082,,,,4199626.72,0
2971,,,,4853023.89,0
2909,,,,3130495.15,0
5133,,,,2225192.99,0
2957,,,,23739.87,0
2858,,,,638203.8,0
2859,,,,1370624.5,0
5105,,,,1345529.18,31630
2950,,,,569418.42,0
4142,,,,444517.27,66607.48
5022,,,,637374.01,0
2987,,,,825108.7,0
5206,,,,285288.29,0
5195,,,,580773.51,3256708.72
5020,,,,3030510.33,0
5389,,,,6511218.25,0
3459,,,,0,
5383,,,,10091851.44,0
4143,,,,7781424.57,1141465.59
4347,,,,5904057.49,659657.01
4267,,,,44619194.68,5679929.71
4158,,,,24906594.21,4992692.68
5139,,,,1815431.3,0
1889,,,,14025375.64,2004623
4231,,,,12466494.51,1030191.55
4228,,,,11415704.83,1066415.11
4007,,,,5568579.02,816983
4014,,,,3362468.45,420748
3441,,,,,
5528,,,,,0
5051,,,,,0
3528,,,,,
5534,,,,,0
5533,,,,,0
5532,,,,,0
2893,,,,,0
1903,,,,3302658.43,372956
5012,,,,528668.37,0
2915,,,,2744156.76,0
5075,,,,2566096.58,0
5506,,,,,0
3550,,,,,
5442,,,,,191326.79
3413,,,,,
3503,,,,,
5113,,,,187070.23,44544.76
5485,,,,1186914.3,0
5234,,,,44977.8,0
2962,,,,18826.83,0
3569,,,,,
3585,,,,,
5529,,,,,0
5512,,,,,0
3382,,,,,
5527,,,,,0
4391,,,,,0
5514,,,,,0
5379,,,,1479520.55,0
2866,,,,267933.97,0
5166,,,,1801399.51,0
5457,,,,1027118.33,818434.43
2845,,,,612234.29,0
5029,,,,1302251.57,0
5010,,,,6664.22,0
3515,,,,,
5101,,,,1527066.5,38681.58
2975,,,,,0
5188,,,,889917.46,0
3435,,,,,
5511,,,,,0
2895,,,,,0
5516,,,,,0
5257,,,,,0
5080,,,,1334447.91,0
2941,,,,12483.41,0
5003,,,,177279.62,0
5182,,,,38491.7,5924762.92
5466,,,,626441.06,326891.1
5267,,,,1156852.28,0
5264,,,,954946.5,0
3495,,,,10632.22,
5334,,,,164921.38,700108.22
2842,,,,178183.15,0
5394,,,,6566.19,647331.46
2847,,,,102627.51,0
4251,,,,36201886.24,5530482.83
4131,,,,13712894.66,1690747.48
1957,,,,44492035.36,5329015.09
4149,,,,12096256.67,1785651
3322,,,,28922892.77,
4189,,,,5444967.6,495075.63
4134,,,,6617742.08,816544.57
1967,,,,7050406.37,851500
5001,,,,131798.94,0
5073,,,,863545.8,0
2948,,,,23933.32,0
5151,,,,1721832.05,0
2989,,,,1514966.12,0
2886,,,,49728.06,0
2914,,,,1843083.73,0
5538,,,,55712.33,0
2869,,,,14666.35,0
5110,,,,30961.05,347360
2902,,,,263462.41,0
5057,,,,5180774.01,0
5289,,,,80415.48,0
5169,,,,4523.54,0
5483,,,,81990.62,0
5126,,,,2675109.99,0
2907,,,,750000,0
5025,,,,2021869.93,0
3360,,,,644300.52,
2844,,,,242747.34,0
2903,,,,1575822.38,0
5360,,,,108329.96,0
4191,,,,570373.61,0
5159,,,,1284186.13,1042961.46
5178,,,,1587486.27,151310.78
5011,,,,1803712.29,0
5042,,,,908893.49,0
2870,,,,465822.05,0
5445,,,,47115506.46,0
2928,,,,69077.56,0
5052,,,,543827.73,0
5006,,,,422788.56,0
5212,,,,69612.43,0
4591,,,,2438739.06,0
5229,,,,635186.07,891580.19
3341,,,,3194.36,
5009,,,,5281075.21,0
4072,,,,21670637.94,2222598
4159,,,,7753470.35,1132024.96
5054,,,,1385550.7,0
5381,,,,6392155.66,0
1936,,,,11968744.67,209530
5135,,,,5137174.1,0
1999,,,,52813413.07,11629211.82
1891,,,,5295215.58,224743
3544,,,,964564.73,
5464,,,,300735,0
1962,,,,1801838.12,15000
4171,,,,7524647.93,494134.33
4035,,,,2900592.12,514894
1990,,,,3548610.44,147565
4137,,,,1159221.44,175481
4215,,,,10843502.79,1851629.75
4054,,,,1340817.62,182646
5225,,,,11469545.02,0
5196,,,,2020581.4,0
2983,,,,508394.62,0
5116,,,,3568584.84,205398.41
4456,,,,6543056.06,0
5098,,,,456164.48,43150.66
5265,,,,4551107.33,0
2998,,,,113274.19,0
2978,,,,181857.97,0
5184,,,,87939.35,878947.61
5471,,,,3093379.24,0
2883,,,,35431.74,0
5072,,,,605304.22,0
2849,,,,456501.86,0
5046,,,,7528839.33,0
2986,,,,492227.39,0
5231,,,,1651544.62,0
2969,,,,79137.88,0
5096,,,,89797.56,37539.8
2916,,,,177716.96,0
5469,,,,,0
3604,,,,,
5495,,,,,0
5496,,,,,0
5501,,,,,0
